{
    "dc_per_class_pp_all": {
        "1": 0.9409601244434687,
        "2": 0.6290298197069514
    },
    "dc_per_class_pp_per_class": {
        "1": 0.9409879775559851,
        "2": 0.47626049968339934
    },
    "dc_per_class_raw": {
        "1": 0.9242017301650124,
        "2": 0.6290298197069514
    },
    "for_which_classes": [
        [
            1,
            2
        ],
        1
    ],
    "min_valid_object_sizes": "None",
    "num_samples": 10,
    "validation_final": "validation_raw_postprocessed",
    "validation_raw": "validation_raw"
}