{
    "dc_per_class_pp_all": {
        "1": 0.9452320822559331,
        "2": 0.6380619839640916
    },
    "dc_per_class_pp_per_class": {
        "1": 0.9452629971371813,
        "2": 0.4887624319301211
    },
    "dc_per_class_raw": {
        "1": 0.9236780605993079,
        "2": 0.6379159316333693
    },
    "for_which_classes": [
        [
            1,
            2
        ],
        1
    ],
    "min_valid_object_sizes": "None",
    "num_samples": 10,
    "validation_final": "validation_raw_postprocessed",
    "validation_raw": "validation_raw"
}