{
    "dc_per_class_pp_all": {
        "1": 0.9250010086583069,
        "2": 0.5485728787677827
    },
    "dc_per_class_pp_per_class": {
        "1": 0.9253373462560166,
        "2": 0.4315594097793082
    },
    "dc_per_class_raw": {
        "1": 0.9107210992321452,
        "2": 0.548530331066231
    },
    "for_which_classes": [
        [
            1,
            2
        ],
        1
    ],
    "min_valid_object_sizes": "None",
    "num_samples": 10,
    "validation_final": "validation_raw_postprocessed",
    "validation_raw": "validation_raw"
}