{
    "dc_per_class_pp_all": {
        "1": 0.9512727565405064,
        "2": 0.6108020126838077
    },
    "dc_per_class_pp_per_class": {
        "1": 0.9514376219282079,
        "2": 0.4638226063822958
    },
    "dc_per_class_raw": {
        "1": 0.9407818005517274,
        "2": 0.6108020126838077
    },
    "for_which_classes": [
        [
            1,
            2
        ],
        1
    ],
    "min_valid_object_sizes": "None",
    "num_samples": 10,
    "validation_final": "validation_raw_postprocessed",
    "validation_raw": "validation_raw"
}