{
    "dc_per_class_pp_all": {
        "1": 0.9472727526835166,
        "2": 0.5589898251169652
    },
    "dc_per_class_pp_per_class": {
        "1": 0.9480737004209562,
        "2": 0.42717196477447245
    },
    "dc_per_class_raw": {
        "1": 0.9294947907162492,
        "2": 0.5558315537637922
    },
    "for_which_classes": [
        [
            1,
            2
        ],
        1
    ],
    "min_valid_object_sizes": "None",
    "num_samples": 10,
    "validation_final": "validation_raw_postprocessed",
    "validation_raw": "validation_raw"
}