{
    "dc_per_class_pp_all": {
        "1": 0.9253338026645324,
        "2": 0.5074830908838983
    },
    "dc_per_class_pp_per_class": {
        "1": 0.9263095608817056,
        "2": 0.3885223022793061
    },
    "dc_per_class_raw": {
        "1": 0.9195884530443873,
        "2": 0.5074830908838983
    },
    "for_which_classes": [
        [
            1,
            2
        ],
        1
    ],
    "min_valid_object_sizes": "None",
    "num_samples": 10,
    "validation_final": "validation_raw_postprocessed",
    "validation_raw": "validation_raw"
}