{
    "dc_per_class_pp_all": {
        "1": 0.9368179203975361,
        "2": 0.6499949355976666
    },
    "dc_per_class_pp_per_class": {
        "1": 0.9369076934625419,
        "2": 0.4893428749295613
    },
    "dc_per_class_raw": {
        "1": 0.9014547538278406,
        "2": 0.6499189492241422
    },
    "for_which_classes": [
        [
            1,
            2
        ],
        1
    ],
    "min_valid_object_sizes": "None",
    "num_samples": 10,
    "validation_final": "validation_raw_postprocessed",
    "validation_raw": "validation_raw"
}