{
    "dc_per_class_pp_all": {
        "1": 0.9465812969655378,
        "2": 0.6518099029525392
    },
    "dc_per_class_pp_per_class": {
        "1": 0.9466375932339938,
        "2": 0.4990969487057413
    },
    "dc_per_class_raw": {
        "1": 0.9322988380171958,
        "2": 0.6517428072700766
    },
    "for_which_classes": [
        [
            1,
            2
        ],
        1
    ],
    "min_valid_object_sizes": "None",
    "num_samples": 10,
    "validation_final": "validation_raw_postprocessed",
    "validation_raw": "validation_raw"
}