{
    "dc_per_class_pp_all": {
        "1": 0.947976209705366,
        "2": 0.6178277165036893
    },
    "dc_per_class_pp_per_class": {
        "1": 0.9480002962362292,
        "2": 0.47128549785184265
    },
    "dc_per_class_raw": {
        "1": 0.9307667784270095,
        "2": 0.6178272322739713
    },
    "for_which_classes": [
        [
            1,
            2
        ],
        1
    ],
    "min_valid_object_sizes": "None",
    "num_samples": 10,
    "validation_final": "validation_raw_postprocessed",
    "validation_raw": "validation_raw"
}