{
    "dc_per_class_pp_all": {
        "1": 0.9551914257887393,
        "2": 0.3826543180976539
    },
    "dc_per_class_pp_per_class": {
        "1": 0.9551828712849249,
        "2": 0.37328619933171714
    },
    "dc_per_class_raw": {
        "1": 0.9520205492786656,
        "2": 0.3826541789145293
    },
    "for_which_classes": [
        [
            1,
            2
        ]
    ],
    "min_valid_object_sizes": "None",
    "num_samples": 10,
    "validation_final": "validation_raw_postprocessed",
    "validation_raw": "validation_raw"
}