{
    "dc_per_class_pp_all": {
        "1": 0.9110616298267589,
        "2": 0.5237926219340727
    },
    "dc_per_class_pp_per_class": {
        "1": 0.9110767204596476,
        "2": 0.40730799789156935
    },
    "dc_per_class_raw": {
        "1": 0.9006322622968128,
        "2": 0.5237926219340727
    },
    "for_which_classes": [
        [
            1,
            2
        ],
        1
    ],
    "min_valid_object_sizes": "None",
    "num_samples": 10,
    "validation_final": "validation_raw_postprocessed",
    "validation_raw": "validation_raw"
}