{
    "dc_per_class_pp_all": {
        "1": 0.9506271469667997,
        "2": 0.4255912433745047
    },
    "dc_per_class_pp_per_class": {
        "1": 0.9506209709632675,
        "2": 0.4070646490173256
    },
    "dc_per_class_raw": {
        "1": 0.9398767528688368,
        "2": 0.4255912433745047
    },
    "for_which_classes": [
        [
            1,
            2
        ]
    ],
    "min_valid_object_sizes": "None",
    "num_samples": 10,
    "validation_final": "validation_raw_postprocessed",
    "validation_raw": "validation_raw"
}