{
    "dc_per_class_pp_all": {
        "1": 0.9493753594505747,
        "2": 0.5293441071248146
    },
    "dc_per_class_pp_per_class": {
        "1": 0.9495799284963793,
        "2": 0.40461366300142004
    },
    "dc_per_class_raw": {
        "1": 0.9410328335031812,
        "2": 0.5293404668507583
    },
    "for_which_classes": [
        [
            1,
            2
        ],
        1
    ],
    "min_valid_object_sizes": "None",
    "num_samples": 10,
    "validation_final": "validation_raw_postprocessed",
    "validation_raw": "validation_raw"
}